review;label
tidak semua lagu album bisa putar padahal langgan premium contoh album scorpion lovedrive lagu lissie 1 2 semua bisa putar iphone ponsel android nggak bisa rugi sih udah bayar dapat setengah2;0
maaf min kasi rating 2 bintang awal download sangat suka aplikasi sportify ofline mas bisa dengar musik download lagu skrng tidak bisa guna ofline terus online tidak ada lirik lagu nya apa hulasan lengkapmaaf min kasi rating 2 bintang awal download sangat suka aplikasi sportify ofline mas bisa dengar musik download lagu skrng tidak bisa guna ofline terus online tidak ada lirik lagu nya apa langgan premium thanks min;0
overall baguss yaaa cuma tambahin tema tema dongg biar bisa ganti ganti gituu jadi ga dark mulu theme nya trus tolong dongg jangan ada fitur yg tidak bisa putar laguu ngeselin sumpahh mau muter lagu tiba tiba gabisa trus suka henti sendiri lagu tolong baik yaa admin aku udah pake premium lhoo aku gamau rugi aku pengin jadi guna setia sama app tolong admin tolong baik;0
bagus sih cuma beberapa lagu tahan sana sheila on 7 kok gak ada udah berkalikali searching tetap gak ketemu emang sono gak masuk spotify gimana mohon maksimal lg depan banyak lagulagunya biar makin lengkap;0
walaupun bukan guna aktif hari dengar lagu2 spotify sangat suka aplikasi lagu rating tinggi sedang trending sangat mudah dapat sini;1
cuman satu kurang library musik kadang ada dar dulu terus tiba tiba hilang hari muncul sendiri masalah copyrigth ato gimana gua gk paham jelas mohon pihak spotify jangan suka ngilang ngilangin lagu udah edar hahahaha moga dengar;0
spotify knp jadi jelek lama2 padahal dah pakai yg premium promo nya kualitas lebih baik kalau pakai premium hasil nya musik putus2 baik yg sdh download online sdh cd rusak padahal kalau ada baharu selalu ikut baru2 pakai bagus lancar ga pernah putus2 sekarang sering banget putus2 kalau putar;0
terima kasih buat aplikasi the best of the best music spotify yg kaya segala jenis genre musik spotify layak harus dapat harga mtv guinnes book atas wawas bagai jenisaliran musik jaman jaman lagu frank sinatra sekarang warga sangat terima kasih banyak atas sempat dengar lagu gratis premium 3 bulan the great music spotify wasallam;1
sangat suka aplikasi karna lagu hampir semua ada cuma beri 4 bintang krna hp klo mengshare lagu instagram story tidak bisa mohon bantu langgan premium trimakasih;1
awal bagus tp sekarang tiap kali putar knp hrs shuftle yaa jdi ribet mau dengerin lagu mohon baik punya kemarn dengerin lagu fiersa besar lngsung muncul semua lagu tinggal mutar skrng hrs shuftle dulu ribet bngt jadi;0
diupdate malah kurang muas lagu yg suka gak bisa putar cuman nyala beberapa detik aja gak bisa didengerin full kalau bisa difix cepetan guna nyaman kalau tak kunjung ada ubah paksa uninstall deh;0
daily mix nya sering sekali putar shuffle kadang bisa putar tanpa shuffle lalu tekan tombol sembunyi lagu lagu tidak putar biasa bisa ada lagu tekan tombol lagu putar mohon baik;0
niat gak sih bikin konten musik makin lama makin sebal mau dengerin musik lagu yg dimasukin playlist gk ada malah puter lagu habis iklan banyak sih ngasih iklan timbang jumlah durasi beri terimakasih;0
bagus si bagus cuma ada kurang tolong baik biar mkin bnyk yg download ikut adlh kurang yg aku alami kalo ken ngulangin lagu ny g bisa hrus pkai data biar lagu bisa diputerin ganti trs kadang muterin playsit yg suka nah tdk lama kmudian ad lagu yg belum favoritin lagu yg favorit in belum ad stnghnya diputerin knp lgu kupukupu kertas g bisa aku puterin;0
kesan pertama nyoba ken yg premium upgrade premiumwaauuu telinga waktu sangat manja sekali terima kasih spotifypakai yg premium gak bakal nyesel boys and girl;1
spotify jadi tidak bisa pakai awal tidak hubung internet beberapa jam kemudian padahal sinyal bagus lalu copot pasang app sekarang buka spotify selalu keluar layar hitam;0
ksih 5bintakalau ada 10bintangsih ksihkarena aplikasi inimenyenangkanudah offline ada dj yg paling enakada lagu nias mantap pokoknyaaplikasi memuaskansalam yaahowu syalom;1
downloadan lagu yg udah didownload gak bisa putar kan terang ada tulis gratis bisa offline didownload apa emang masuk mode premium baru bisa dengerin sama bukan gratis tpi masuk mode premium bayar baru bisa denerin lagu nya sama aj kalau bayar mending gag usah ada tulis terang aplikasi bisa memdengarkan lagu gratis trimakasih;0
kalau mau shuffle silah lagu ga ada playlist putar apa guna playlist kalau lagu ga ada diadaadain lagu suka ga suka putar random mana lagu dengar lama muncul malah mutar duluan entah lagu apa kalau mau promo lagu orang silah kan ada iklan muncul random sih edit playlisnya diadain lagu random edit putar tetap aja entah lagu apapayah;0
aplikasi bagus sihtapi karna banyak iklan jadi aku kasih bintang 3iklannya aja bisah sampek 35 iklanjadi aku kasih bintang 3ya kalau aku sihdi kurang aj iklananyamakasih;0
okay aku sebenernya suka spotify sejak dulu aku ngerti premium cuma aku mau tanya kok gabisa share lagu instastory belum aku bisa kok share instastory;0
sering banget lo lagu playlist henti sendiri gimana sih spotify padahal nyala lg bisa muter gimana nih;0
siungguh kecewa download total 6 gb hilang download ulang padahal masa langgan lama ngaco spotify baru langgan premium memang pikir murah download 6gb;0
memang kualitas audio kalah beberapa app stream kalau ui algoritma acungin 10 jempol buat spotify gaada yg bisa ngalahin pokok;1
sangat muas mohon selalu ditingkatkanpertahankan kualitas musik musik spotify kualitas sangat bagus lalu ada opsi equalizer tambah tambah bagus hampir sempurna ada fitur lirik;1
aplikasi udah langgan premium trus download lagupas masa premium habis lagu download malah hilang semuaini bisa dijelasin gak sebab kalau gin terus mending hapus aja aplikasi;0
sy bisa cari beberapa konten lagu nostalgia yg pernah sy tau mudah komplit terimakasih aplikasi spotify moga next lbh mantab lg lagu bisa dengar kontinew sesuai daftar pilih;1
jauh pakai aplikasi baguuss walopun yg standar msh ada iklan maklum yg penting jgn kbnykan iklan tp terkadang msh bnyk lagu2 yg blm masuk spotify utama lagu2 lama smoga lebih lengkap skali cari lngsung ada trims;1
sangat suka playlist ada spotify kurang suka tampil halaman aplikasi kurang tarik;0
milik pulsa jumlah rp67000 beli premium 1 bulan guna pulsa harga rp54990tetapi tidak bisa karena saldo tdk cukuppadahal pulsa cukup beli preium sebut tolong baik;0
overall bagus cmn ada satu kecewa soal bayar data sy sdh konfirmasi sbg orang mahasiswa jdi bisa ambil paket ajar pembayaranbya mesti pake paypal daftar kartu guna kartu kredit hellow mna ada mahasiswa yg punya kartu kredit kartu debit sy lalau tolak akhirx sy ganti paket reguler yg lebih mahal duarr kartu debit sy diterimaniatx buat ajar tp paketx mlh sulit bgn pembayarannyasaya kecewa sekali;0
good udah bagus dipertahanin soal susah nyari aplikasi musik hampir ada semua thanks spotify tolong jangan kecewain gue krna udah ngeluarin pundi2 uang buat kalian;1
wah keren si aplikasi lagu banyak banget saran gk kasih fitur lirik hehehe biar gampang buat hafalinnya makasih;1
tarik hingga legar dunia bumi danatau langit 7 annya kan yia k detik2 ini sama w a nya makin menggoncangkkan dunia ann mars slm aktif salalu 12 032020 m;1
jelek bgt niat ga sih bikin konten musik terlalu bgt kayak gaguna aja ada konten buat yg males beli premium kyk ga berat kok klo ada iklan tp bener2 gabisa denger lagu yg suka hrs shuffle jd buat apa dengerin lagu sini klo gabisa dnger lagu yg mau aja apus aja gaguna bgt;0
banyak sponsor satu jam jatah nex lagu 6 kali habis pilih lagu misal sus ungu yg muncul ada lagu kangen band adeh parah sekali;0
gmna sih cara pake spotify mohon bantu soal bingung gmna cara liat daftar lagu top 50 kok gabisa liat daftar tangga lagu yg naik turun cuma ada tulis putar shuffle klo yg sih bagus oke;1
suka tutup sendiri gimana aku udh coba restart berkali2 aku pikir hpku eh nyata hp yg gitu minta tolong segera benah terima kasihh;0
sekarang cukup puas kalau bisa kembang misal fitur karaoke downloadnya satu2 tidak sekaligus aplikasi nya lebih senang terimakasih;1
coba login kata sandi salah lalu ubah kata sandi sesuai perintah email jelas tulis kata sandi ubah tetep gk bisa kecewa sekali;0
bagus hasil suara vocal suara sounds nya baik jadi lebih baik lebih bersih lebih baik bila ada atur aquileser nya;1
baru aplikasi musik lagu bisa milih suka ga kaya aplikasi sebelahsudahlah online banyak iklan lagu ga bisa milih langgan;1
senang bisa dengar lagu era 2000 an yah masa lalu indah mana ada moga teman teman masa lalu beri sehat bahagia;1
mon maap kurang bintang kok sekarang daily mix nya shuffel kadang kadang kok terang tdk ada koneksi internet padahal pkt data buat apk bisa lo;0
luar biasa sy sangat sukasekali aplikasi sy harap aplikasi tdk ubah cinta banyak orang seluruh pelosok tannah air kiita cinta;1
ga ada lirik yahterus cara download lagu gimanaterus online aja yah ga bisa ofline;0
saran bisa liat isi favorit bisa pilih lagu sendiri favorit kan sekarang kurang suka;0
g bagus update eh gk bisa dengerin lagu lagu serimg putus putus padahal udah dowload;0
makin sini makin lot aja walaupun pakai premium buka atur aja jeda lama sekali;0
sangat ok kwalitas suara hpnya dukung atmos yg sdh hi res memang beda padahal aku belum update premium mungkin tambah;1
update versi spotifynya suka mati sendiri kadang mati pas ada notif;0
aplikasi mantap jiwa buat orang galaupatah hatisedih jadi orang senanggembirabahagia;1
nyesel gw update jdi banyak iklan nya musik nya masa gk bisa pilih sendiri muter acak bagus update yg sekarang yg update enak gk ada iklan enak pilih lagu bebas malesin sumpah auto cari yg ni mah spotify uninstall;0
enak banget nih aplikasi lagu nya enak enak ada saran nih bisa gak ada fitur timer nya soal klo mau tidur suka dus;1
awal pakai baguss sini sini malah jadi kurang baguss daftar putar g lihat mohon segera baik biar bintang terang;0
mau tanya kok atur canvas akun hilang siang ada tdk dpt guna;0
cuman 1 kurang nyabelum ada lirik lagu nyahehehekan lumayan bisa karokeanmudahan depan nya pas mutar lagu ada lirik nya;0
lagu lumayan lengkap tp knp stelah coba 1bln gak bayar bulan lagu batas padahal muter lagu pake kuota gak mesti bayar bulan lh kan dah potong kuota tu;0
ga bisa masuk apl nya pdhal aku negeri tpi coba masuk tulis luar negeri;0
semenjak perbaruijadi kurang memuaskankarena dngerin lagu satu per satuga bisa nex playq suka apk yg dulutrima kasih;0
buat yg ragu ikut premium jgn ragu lagilahyg paling kualitas suara beda jauh sama yg gratis so kalau mau puas yg lebih dlm dengar musik kuy premium kan;1
sangat nyaman guna spotify keep up the good work rasa ada harga ada barang jadi bilang mahal worthy kok coba aja;1
pilih lagu sampul pas pas putar lagu tolong baik bagus sih kurang pas aja;0
aplikasi musik yg kerendan sangat memuaskn pokok y gk nyesel dh download aplikasi;1
nggak premium sii aku jadi byk iklan bantu lah cari cari lagu tanpa download ribet2 kapan2 adain paket free lahd;0
baru download apk tp tidak bisa masuk muncul tulis tidak ada koneksi internet mohon cerah nya terimakasih;0
tlg kembang tetap bisa musik an walaupun offlinejadi udah denger bisa didenger offline;0
knpa udh redeem terus masukin kode malah terang jadi salah coba udh kali kaya gitu hilang 2 bulan premium;0
aplikasi sangat bagussemua laguartis ada spotify enggak susah susah download lagu suka kalian satu satudan kalian bisa bikin playsit ada lagu btsblackpinkjazmelly goeslawariana grandealan walkeritzyexodan banyak lagipokoknya lengkap banget dehh kalian download;1
siih tiap mau muter podcast suka tibatiba nutup sendiri aplikasi aku kasih bintang 1 dulu deh;0
aku guna spotify lumayan lama alhamdulillah ga prnh ada masalah aplikasi musik paling top buat aku;1
aplikasi udah bagus entah apa jadi ada 2 tanda panah trus lagu cuman bisa putar tengah;1
musik teman lembur sportify mo muter lagu apa tinggal milih tak perlu repot bikin semangat;1
kurang bagus sih gak bisa temu lirik tolong gamana;0
spotify ok lah sy kasi 4 bintang banyak lagu tdk ada cari lagu hit yg kasi live consert aja;1
sedikit kecewaaaa sebenrnya gua gak masalh mau bayar tah mau boros kuota tah ok lah coba benrin dulu suara kurang jernih telinga kurang nyaman bgt pake heandst buuh edaaaaan suara nambah ajuuur njir dengerin musik kok suara kaya tahun 90an fucek fucek fucekiiiiiiiiiiiii;0
aku dah beli langgan yg premium tiap puter lagu lagu 3 4 henti sendiri lagunyapadahal udah donlot lo sering mati sendirimengecewakan;0
aplikasi gmna sih ga langgan debet langgan terus tolong lah baik rugi jarang pake tp debet langgan trs;0
mau putar artist muncul ada putar shuffle terus ga bisa ganti klo ganti malah artis bukn yng kanv;0
putar musik baik pernah ada lagu lengkap banget pokok easy to use deh spotify thank u so much spotify;1
bagus banget gak bakal nyesel kalau donload buat suka nyanyi sama kaya aku donload yaa oke bye;1
knp lagu tadi aku puter habis aku matiin aku nya gak ada lagu pdhl udah ku cari sampe bawah tp ttp gk ad mogaon perhatiin mksh;0
bagus aplikasi nya cara download nya gimana gua gak paham tolong kasih tau ok thnks;0
aplikasi sih oke bagus ak kasih bintang tiga aja saran ak sih klo lagu beri lirik nya jga;1
yeesakhir nya sejak muncul spotifyaku jadi bisa denger lagu main games biar ga gabutterutama aku sering play lagu btswieeehkeren deh pokok nya spotify itubagi yg tarik silah kan download aja ply storeatau app storegak bayar kokmakasih spotify sudahmenghibur lagu lagu yg ku suka;1
selalu laku ubah suportif musik podcsdt baik aku beri rating 4;1
sekarang spotify lot jadi aneh walaupun premium lama v;0
ngak bisa henti putar acak;0
ada shuffle padahal kemarin belum ada shuffle aku neng banget gak ada iklan sama sekali sekarang ada shuffle lagu gak bisa dipindahin selalu ada iklan mohon baik aku neng tau gak denger lagu aplikasi sekarang makin ubah baik sekarang;0
awal suka lengkap tpi skrang ada sistem suffle sama sekali g nyaman mau play lagu a tpi g bisa yg dlu g tau kapan lagu yg ingin play g bisa next ato previous kalo bgni jgn hadir next previous harus buat 1 playlist 1 lagu bisa lngsung lagu yg ingin sistem yg baru turun sekali kerja aplikasi lambat tidak praktis pdahal era konsumen tuntut yg cepat praktis bye spotify;0
ko gak bisa bikin insta story instagram sih gimana udah coba beberpaa kali tetep gak bisa;0
nyeselll bngt donwload aplikasi makin lama makin nyebelin klo mau putar lagu ny mlh yg keluar cma bagi reff ny doank kenapaa;0
putar suffle lebih enak versi lama fungsi app putar musik cari musik suka bebas pilih lagu mana dengar bukan putar acak tolong kembali versi belum;0
gk usah baru donk kan apk udh bgusngpain lgi updatemungkin hp mreka aja yg cacat;0
ndak sukaaaa apa guna playlist kalo muncul lagu enak enak dengerin playlist eh muncul lagu pas liat lha kok banyak lagu sii konten explicit semua sampah;0
aplikasi sedia music paling cocok hampir semua lagu music baru lawas sedia sini memang langgan kalau mau dapat full feature bisa main lagu lewat samsung galaxy watch terimakasih;1
buat akun premium bayar lalu pulsa telkomsel pin sangat lama kirim nomor konfirmasi akun maksud sms konfirmasi pin padahal pulsa cukup banyak beli lebih nominal beli apa salah pernah premium nomor sama;0
kasi bintang 2 lirik nya telat usaha sesuai la babang;0
the besttapi sayang banyak lagu lama ga ada original nya sini;0
rasa hibur ada spotify buat hidup lebih warna suara;1
dapat alam yabg luar biasa coba spotify opsi lagu lengkap kualitas musik optimal sangat manja pendengarcoba spotify sekarang;1
wahhhsaya suka senang aplikasinyasaya bisa dengar musik vavorit sayaterima kasih spotify;1
suka syekalii klo bisa ada lagu baru baik indo luar selalu share baru yaa thanks;1
bagus buat hiburanjg jd ingat masa lalu tg indah dgr lagu yg suka;1
aplikasi nya payah iklan premium mulu niat gak sih buat aplikasi yg sekali download lagu langsung bisa putar offline sekalipun;0
spotify tolong mati mode shufflenya buat guna ga nyaman kesel banget asa dulu ga ada shuffle nyaman2 aja kalo streaming iklan ga masalah tp shufflenya bener2 ganggu mau muter lagu yg puter malah yg jadi nunggu lama dulu buat muter lagu yg ken cuma gara2 ikutin si shufflenya tolong baca ini;0
aplikasi jelek gak usah didownload mau dengerin lagu nggak masuk akal nyambung nya lagu;0
susah sekali login reset gak bisa jelek banget;0
belum tidak pernah alami kendala lama pakai spotify lama 2 hari belakang semua lagu putar selalu henti detik 9 tidak lanjut lagu padahal sinyal bagus bisa awal pikir kendala sinyal sinyal tidak pengaruh sama sekali mohon baik cepat;0
mantapp cuman susah mau dengar lagu bahkan tidak bisa kalau kalian belum premiumtapi kalau podcastnya bisa;0
ga bisa download lagu padahal premium 3 bulan selalu buka aplikasi tidak pernah muncul notifikasi sedang me download lagu;0
cari judul lagu nyanyi tidak bisa tampil seluruh lagu nyanyi sebut;0
payah iklan ngebacot mulu nyuruh langgan premium kalo udah premium kata bisa setel musik spotify apa kapan bebas hambat arti tidak gantung sinyal dong nah gilir udah aktifin paket premium terus gue nyalain musik kamar mandi langsung mati gara kaga ada sinyal gimana nihhh kaga sesuai iklan iklan aja terooos ampe busa;0
lagu nya udh kumpulkantapi mutar lagu gk ada daftar;0
spotify aplikasi musik sangat baik download lagu bajakankarena lagu sedang cari hampir semua adatapi sayang ada beberapa lagu bisa akses premium contoh lagu nico touches the wallsdan sayang pakai spotify free jadi tidak bisa akses lagu bisa akses premiumbagi kalian tidak suka shufflebayangin aja shuffle hidup kitaterkadang tidak sesuai ingin;0
mantaplagu lagu enak banyak pilih jadi suka gak bosenin sukses slalu spotify;1
puas aplikasi satu gak ada iklan nikmat music cuma terkadang music henti lanjut kualitas aplikasi bintang 5 kamu;1
canvas udah on video nya gak jalan pas cek malah off sendiri butuh solusi;0
aplikasi gk guna gk bisa milih lagu acak terus yg main udh gitu terlalu banyak iklan;0
lagu nya campur campur kaya es campur suara iklan lebih keras dri lagu;0
user interface nya bagus kalau bisa tingkat koleksi lagu tolong sekali terus update lagulagu hilang mohon diupdate depan nya banyak sekali lagu suka mark hitam subscribe lama 6 bulan jauh problem nya sih keep it up;1
kata langgan 3 bulan jadi premium sdh pakai kartu debit sukses belum 3 bulan baru 3 hari sdh jadi spotify free padahal sdh niat mau jadi member 3 bulan pakai huh hoax kayak;0
waaaaw maaaantaaap pokok aku instal mantap hasil langsung aku uninstal;1
semua lagu kumplittinggal pilih mau putarbagus deh pokok aplikasi inisangat puas;1
ada banyak lagu favorit sana tinggal telusur pencet ada kanan bawah lalu tulis lagu suka selamat nikmat;1
susah mau mutar lagunyalain pilih nyanyi;0
muternya acak parah banget sih asa dulu gak kaya gin deh;0
paket spotify premium jangan mahasiswa laku anak tengah;0
gk tw knpa q neng bnget ps prtma kali download aplikasi background nya bagus semua lagu yg q cari ada tpi ps 2minggu q gk buka aplikasi tiba2 gnti aja gtu atur mw dengerin lagu sesuai yg q mw tu gk bisa udah q otak atik ttep gk bisa lebih bagus joox;0
tralu pake internet cuma kalo offline bisa keren;0
akun tidak ada lirik akun milik lirik ada jelas;0
gpp iklan gpp suffle tp suara iklan kecil kan jgn tiba2 keras gelegar;0
aplikasi bagus banget lagu lumayan lengkap ada sih yg lagu tdk ada diapp pokok aplikasi sangat bagus;1
ada lagu tidak bisa putar lagu tidak lengkap harap spotify bisa tambah lagu tidak kenal tidak kenal;0
mantap banget 1000 buat spotify musik lengkap pernah ada se1000000 lagu bebas putar tanpa download gratis terimakasih udah ngerti in aku;1
best lah pilhan harga ada bisa jangkau;1
dengerin lagu kualitas jernih bas nya mantap iya sini spotify hari hari jadi enjoy dn asik komplit muas pilih lagunyathanks so much spotify;1
mau buat album lagu sendiri terkadang ditambahin lagu gak jelas sama spotifypadahal gak ada nambahin lagu tersebutuntuk depan mohon baik;0
lagu banyak tgl cari2 aja bs nikmat stiap waktu walaupun tanpa internet;1
apk gimana sih edan bangetmasa cuman tidak punya kuota hari ajah lagu udah download download sih cepet abis dong kuota kalo mau putar lagu download dulu mah huuuh apk apa mah sumpah gw nyesel banget nginstal apk;0
karna aku tidak bisa putar lagu yg aku suka sekali klik mesti putar acak;0
ga suka mau streaming bts sama txt aja ga mau campur yg suka muter lagu idol sii ganggu orang streaming aja aku udah milih lagu buat dijadiin playlist biar gampang streaming nya ehhh malah tibatiba muncul lagu laen kalo iklan aku toleransi yaa lagu sampe akhir wht gk bisa terima;0
spotify memang bagus musik komplit bisa akses;1
sy udah niat beli pulsa 60rb buat daftar bulan yg 54rb pas daftar ga bisa kata pulsa tdk mencukupidi coba kali kali ttp samalalu sy turun yg 7 hari 16rbeh ttp ga bisa padahal saldo pulda sy 60 rb udah lah mending daftar saiangannya aja joox;0
kecewa upgradenya upgrade bisa pilih sendiri lagu pdhl 2018 udh pake spotify;0
goblok nyesel gua kasih 5bintangpas gua komen tau tau nya lagu yg udh d donwload pda gk ada goblok ngabisin kuota gua ajjh apk gaguna;0
playlist lagu shuffle pas search lagu shuffle ganti lagu uninstal;0
sangat senang dengar lagu2 ada daftar lagu;1
oke bangatcuman gak bisa offline lagu posisi favoritsemoga depan posisi favorit bisa offlineoke terimakasih;1
permisi pas mau daftar koq gak munculmuncul selalu diam tidak ada lanjut mohon baik;0
baru kali ngasih bintang satu apps apa transaksi apa coba rasa sendiri deh gimana makek spotify terlalu susah iklan kalo muter 1 album album kali jangan lenceng lagu belah mau premium tp ga ada trialnya gimana mau tau kualitas premium;0
awal kali pakai sih asik nyaman ganti perangkat s8 sering bgt lagu jadi putus gituwaktunya atas 5 menit deh kadang mati sendiri lagu cepat baik biar tetap jadi yg baik;1
tolong dong putar lagu nya tidak shuffle bisa milih musik mana mau putar dulugitu lagu cover nya adain terus hasil cari lagu yg keluar jgn playlist lagu nya langsung bintang 3 dulu;0
cari nya kalau bisa sesuai kan lebih nya udh bagus;1
haiselamat siang aku suka bangeeeeet nget sama aplk musik satu iniaku rasa beruntunggg banget bisa donload inimasyaallahseluruh lagu yg aku cari ada aplk inirasanya lengkap bnaget dah tolong aku donkbagaimana cara mendownload musik biar bisa simpan perangkat oflineaku ga tau tolong kasih tahu aku yalewat fb ku julia tahmawatidi bionya ada tulis cari kawan bukan lawanpleaaasseee;1
jauh aman nyaman dengerin musik pake spotify;1
musiknha mantap tidak ribet pakai aplikasi nyari lagu apa aja ada good job;1
sering henti sendiri tiba2 mohon baik bugnya;0
bagus suka aja pakai aplikasi dar dengerin podcast streaming lagu yg cuma sayang kadang lagu suka mati sendiri ada baik kalo fitur timer bisa atur sendiri bisa dimatiin berapa lama atur waktu;1
so far so good kualitas suara bagus lagu yg putar sesuai ingin bisa dengar offline didownload ok sip yg protes ko lagu shuffle gak bisa dengar offline yg gratis coba upgrade premium bayar murah ko gak mahal;1
bisa dengerin lagu yg hits top dllpokoknya nggak bakal nyesel kalo pke spotify klo pake yg premium wah tambah ntappsss;1
kurang baguslagunya langgan baru bisa dengar;0
kok hp gue gk ada aquqlizerr nya suara jadi cempreng standar;0
coba tolong iklan nya sedikit kurang maximal 2 iklan karna yg install aplikasi belum tajir semua tolong rang iklan nya;0
abis baharu tampil engga kaya dlukecewa;0
kok gabisa daftar kecewa;0
makin aneh baru;0
selalu sering banget putar lagu selalu lagu mati sendiri aneh pdhl sy premium download tolong baik ganggu nyaman kalo terusterusan begini mending uninstall bye;0
baru aplikasi paling mantap dunia aku nyariaplikasi seprti nyata ada aku sungguh bersukur banget samah aplikasi utama buat aplikasi terimakasih banyak terimakasih banget moga sukses terus bos;1
pokok aplikasi sangat bantu main game suka main game dengar musik;1
suka sekali sama aplikasi cs nya fast respon banget sangat bantu terimakasih;1
tiap abis lanjut premium nge bug mulu anjir tiba tiba keluar akun mana masuk susah padahal email udah bener;0
akun spotify ku tidak mau hubung wifi;0
tema tepat link keliru mana lagu2 maksud selektif campur ngawur grupe pilih maksud tema link akomodasi muat satu bahas tema kok ngaduk apa mesti tiap hari makan gratis iklan macam kongsi tiap putar menit lagu putar 3 bulan gratis premium apa mesti kaota boikot beri makan fakir miskin norak lu kaga cinta seni lu bangsat gue tetap putar demen lu aja ngeyel;0
aku mrasa sulit cara masuk guna aplikasi dg emailsandiku krna aku tlalu tolol tuatapi msih ngikuti pola pkbangan thnlgi mdren mbok tolong beri kmdahan special buat aku yg labsia 12pikun 194720skaranngok tank;0
saat butuh cepat mau dengar lagu aplikasi langsung ada;1
mantap sangat hibur aplikasi sangat bagus sekali;1
samsung j7 pro udah pake paket premium lirik ga keluar;0
mau update premium ga segera kirim kode verifikasi bolakbalik minta tetep ga kasih padahal pulsa lebih tarif premium dm twitter ga direspon terus aku mau daftarin spotify premium kudu gimanaaaaa gitu looohhhhh;0
udh baru ko jadi gabisa share instagram mohon bantu;0
equalizer nya selalu ubah jadi selalu on kan lagimohon perhati makasih;0
lagu playlist tambah tambah acak acak privasi guna dong;0
bagus semua musik sedia musik putar shuffle jadi gak enak gak sesuai lagu apa yg pilih tolong donkk spotify jangan buat shuffle donkk lagu kalu udah ada ubah baru tambah bintang satu;0
seru banget aku emg suka sedikit ada iklan yaudh aku kasi 4 bintang aja stiil like it;1
musik asyik bangetaku bisa nikmat lagu apa aja;1
bagus kadang ada musik yg gak bisa putar mohon timbang kan;0
mau putar lagu a yg putar malah lagu b z dulu baru lagu yg mau gue dengerin putar sungguh bangsat sekali aplikasi kalian download deh rasain sendiri sensasi emosi;0
baik premium non premium jauh puas atas fasilitas dapat;1
ok banyak iklan anjir ga kaya nya hilang iklan nya ngabisin kuota gua aja anjir;0
update aplikasi gak bisa klik titik tiga selalu ngelag tadi abis update nambah kecewa aku sering dengerin lagu live nyatu lagu pertama biasa pas pindah lagu gak ada jeda sekarang malah ada jadi gaasik dengernya tolong diperbaikiulasan lengkapsaya update aplikasi gak bisa klik titik tiga selalu ngelag tadi abis update nambah kecewa aku sering dengerin lagu live nyatu lagu pertama biasa pas pindah lagu gak ada jeda sekarang malah ada jadi gaasik dengernya tolong baik;0
bangkeee ribet bgt mau nyari lagu yg aja auto delete aplikasi;0
aplikasi bohongg jangannn download mau ngedengerin lagu ajaa susah banget aku pencet putar shuffle ehh yg puter bukan lagu yg aku mau malah lagu yg lainn jangann download bakalannn nyesel;0
apa hah gak bisa nyetel lagu nya cuma dengeri lagu awal nya doang;0
luar biasa makasih buat dengerin lagu jernih;1
bagus sih aplikasix cman spotify qw mode shuffle trus gak kayak semulatolong dong kembali kayak semulapadahal mode autoplay x udh qw mati in tetep aj gk bsa;0
cocok bgt semua lagu favorit ada sini ada lagu bts aku streaming lagu sini buat naikin chart terimakasih;1
makin mudah nikmat musik bagai macan genre dalam;1
lagu simpan tidak bisa play full cuman bagi menit aja;0
kasi bintang 1 tengah lagu musik henti;0
kurang lengkap murottal alquran nya lebih oke;1
gak usah ribet download mp3 dn simpan musik tinggal install dn pngen lagu apa aja tinggal searching pokok e;1
lirik tidak muncul padahal premium;0
bagus banget dengerin musik tidur lagu nya lengkap;1
pusing gw sama versi yg sekarang udah denger lagu pakai acak terus gk bisa skip skip very bad sorry gw kecewa bngt sama versi yg sekarang terus cuma bisa dengerin cuplik very bad mending joox aja;0
aplikasi streaming musik baik jauh suara bagus lagu lengkap kurang ada lirik lagu harap moga depan spotify mau tambah lirik semua lagu;1
kelas putar musik kadang tidak responsif youtube notabene putar video pause sendiri tengah jalan butuh bandwith lebih gede youtube;0
kalo mau dipremiumin suka aneh gtu drspotify nyaapdhl pulsa udackp jaring udabgs tp suka dpt baca tanda merah gtu drspotify yg disaranin nominalnyaatpskrg udabsa dipremiumin hehev;0
cari musik nyanyi lagu apa bisa ada;1
woi playlistnya lah gua gak mau bawah ada tulis mungkin kamu suka kan gua jadi nggak bisa milih lagu mau gua dengerin tolong dong biar gua bisa milih lagu gua atur gua nggak mau shuffle kgk enak bener dah;0
terlalu banyak iklan dar mau dengar musik mau upgrade premium pakai kartu kredit trus gimana kalo belum punya kartu kredit tidak ada opsi bayar;0
hrs putar suffle sih jdi gk bisa dengerin musik sesuai yg mau tpi waktu awal download gk tiba2 2 minggu an lahpengaturannya dh ganti tolong baik sistem nya;0
ada beberapa perangkat yg belum bisa nikmat lirik mohon segera update;0
minggu pertama ciamik putar lagu tanpa iklan sejak shuffle aktif mulai buat gak nyaman banyak iklan emang apk iki maksa buat bayar paket premium dkk yg ujungujungnya bayar;0
aplikasi maksa bangetawal download bisa bebas pilih lagusetelah sekian lama malah jadi shuffle maksa banget buat upgrade peremiumpremiumnya limited waktu buang buang duittolong baik;0
bagozz sempurna ditinkatkan sedikit mungkin tambah beberapa lagu;1
sangat bagus sedikit lama putar satu lagu;0
kalau udh d download kok g ada d apk music sih;0
aplikasi sportys bantu banget buat aku seemuuanya pokokknya is the best lah;1
cocok selera musik kasih genre sedia aplikasi musik simple gak ribet buat milih seriap genre musik aplikasi terimakasih;1
semua lagu ada sini jadi lebih enak dengar lagu hits;1
kasih bintang 4 karna aplikasi nya sangat bagus lagu bnyk paksa uninstal karna kadang2 lagu yg putar tiba2 mati keluar sendirimohon baik beberapa kurang;0
bagus fiktur lirik belum ada tidak muncul;0
sangat suka musik yg vintage spotify punya semua keep up the good work guys;1
good lengkap banget semua lagu sy suka ada;1
awal donlod spotify enak banget didenger bisa ofline tiba2 waktu buka ubah putar mode suffle terus tiap muter lagu cuma bisa 5 detik gimana sih apa alih premium bikin kesel aja deh;0
harap banyak temu musik easy listening;1
kurang lirik aja sihsoalnya kan kalo mau nyanyi ga tau lirik ga asik;0
mantap parah nih aplikasi kasih bintang 5 dulu kalo update lebih joss tambahin bintang;1
iklan sih aja makin sering lama mulai timbang lg utk pindah aplikasi kayak bukan tidak mau upgrade premium dengar musik intensitas iklan yg rendah;0
bagus bangat aplikasi spotify klu gratis aja lama nyathanks;1
nggak enak banget muternya shuffle kaya percuma ada app music hmm;0
kualitas suara oke banget musik variasi semua genre ada trus banyak podcast aji banyak ulamaini beda aplikasi streaming lai;1
siap tani waktu suntuk pokok ok punya deh;1
denger musik nya sering main tengah tidak full bingung kej koleksi musik kayak ada gambar pas denger lagu nya yg kasihmalah pas sesi pertengahanya aj musik nya gk full pliss y baik cara nya please;0
aku pake aplikasi aplikasi musik yg satu putar shuffle makanya download app eh malah lebih parah udah dibikinin playlist tetap aja mutar lagu kan sebel;0
sampah kali ganti lagu volume suara jadi besar;0
musik bagus2 gk repot donlot banyak pilih lagu jg;1
moga kau gk kya aplikasi sebelahbanyak vipy btw satu bintangy nyusul kalau udah ada lirik;0
spotify wajib kalian donwload karna lagu nya tarik banget semua bisa dapat sini;1
terimakasih spotify aplikasi bisa lebih update lagu brazil favorit aplikasi sangat sangat manfaat lagu kamu cari ada sini semua sangat suka aplikasi sekali terimakasih banyak;1
gak bisa dengar lagu awal awal pas download bisa bahkan sangat nikmat kok sekarang gak bisa gimana nih;0
bagus bgt aplikasinyaaaaa aku suka bngt jadi kalo aku mau cari lagu gk aku punya gk usah you tube deh poko gk bakal nyesel deh download aplikasi d;1
permisi emang kalo premium abis tetus beli premium lagu bakal ilang kagi download ulang tolong baik tidak makan waktu kuota sekian;0
koleksi lagulagunya lengkap utama christian gospel music nya;1
ni app kurang bagus emang lagu nya banyak si jadi premium dlu baru bisa puter;1
bagus kalau bisa lebih murah yg premium;0
1kenapa volume selalu gk mulus lagu mesti ngalami volume kecil sebentar trus normal 2kenapa putar lagu gk bisa rurut lompat lompat dr pilih lagu yg aku suka;0
ko gak ada sih lirik nya padahala aku mau dengerin musik liat lirik trus kok pake bayar sgala sih kan dah pake data kok bayar;0
tolong donk iklan nya kurang aq mau lagu ap yg muncul ap kurang suang yg mau tpi y lmyan lah;0
putar musik ratarata musik henti sendiri detik 9 otomatis refresh ulang lagu nya bisa putar tolong baik aplikasi terima kasih;0
kadan2 ngeselin kadang2 hibur aneh knp mau putar lagu shuffle kok ga bisa tolong baik sufflenya yaaaa;0
kecewa beratttt ko aplikasi jadi giniiii putar shuffle apaann gabisa puter padahal asal nya ngga giniii padahal tadi nya udah aeneng banget sama aplikasi sekarang kecewa pis;0
fix kelainanspotify musik gua sering macet putar google home bahkan lebih parah gak bisa putar sama sskali padahl udah pakai yg premium buruk asli;0
semuaa ada dsinu enak banget sih beberapa auto gak bisa puter acak adul dn move premium kalo mau dngerin yg 3menit kaya belum tpi kereeenn bangett apk y gk susah2 download cuma lyric y gak ad kurang aja sih wkwkwk;1
putar lagu spotify seling siang hari;1
luar biasa sangat beri alam spektakuler;1
moga lebih tingkat perfomanya terima kasih;1
maaf kalo aku baru kasi bintang duaapk nya lumayan keren update gak pake koneksi internetdan kalo buat lagu kok gak lagu nga jugak nak ubah cuma judulnyapliiiiiisssss update;0
aku suka aplikasi satu tanya gimana cara masukin lagu spotify soal aku guna baru hi;1
bagus banget spotify makasih sukses terus;1
nggak bisa stel full selalu cuplik kesallll;0
rekomemdasi banget semua genre lagu sedia;1
aplikasih yg lumayan bagus tolong tambah penganturan unduh musik yg unduh bisa putar offline bintang aku kasi 4 bintang sekian trimakasi;1
kata bisa d dowload tpi kok gk bisa udh gw liat tutorial ny d youtube tetap gk bisa kata d dowload aj gk ad udh 2 buah gw pasang apk sma lite ny tetap aj gk bisa d dowload t tolong bantu ny;0
ga nyesel download aplikasi iniqt dpt nikmat lagu full lagu boyband sayang ada isiya walaupun blm langgan tp sangat puas dgn aplikasi;1
lagu enak belum tahu judul sekarang tahu putar ulang ulang;1
kok muter lagu acak bangsad dulu gk gin eh tiba2 si anjing buka langsung gin kalo gk niat bikin aplikasi yg gk usah bikin pepeq anjing lu;0
kasih pilih bayar hilang iklan tidak ada batas skip bayar sekali mahal tidak apa apa asal cuma sekali bayar fitur premium tidak buka tidak apa apa;0
bintang 3 dulu yaasaya mau tanya knp stiap denger trus tiba lagu suka matitolong ksihh tau dong gmn silusinya;0
enak hemat paket data cocok buat kuota dikit;1
suffle padahal versi belum bisa putar lagu sesuai pilih versi belum jadi tidak leluasa pilih lagu kesel ihh;0
aplikasi gak bermutumasa baru masuk tiba tiba keluar gak jelas bangettolong dong perbaikin ajg jangan cuman mau ambil untung;1
hibur kala sedih semangat kala hilang gairah;0
bagus sitapi trgnggu sama fitur putar acak ny;0
visualisasi canvas aku kok gabisa aktivasi off sendiri gimana mohon bantu spotify;0
bagus aku suka keren bisa dengerin lagu yg suka;1
sangat tidak nyaman ganti nama akun sampe sekarang sulit belum lagu lagu acak tidak sesuai apa cari spotify so annoying;0
sip deep field equalizer vivo otomatis nyala dulu kalau ganti lagu equalizernya mati jadi dinyalain manual sekarang tinggal nyalain gontaganti lagu equalizer tetap nyala well done;1
lagulagu spotify lengkap2 jadi suka denger lagu sini tp gara2 sistem suffle jadi gak bisa muter lagu yg sy mau udh gitu waktu buat playlistnya malah puter lagu;1
aku suka sportify pilih lagu lengkaaap;1
putar acak aku kurang suka aku lebih senang nikmat satu album lagu rurut bukan putar acak payahhh;1
sporttify emang yahut cocok tua mudabanyak pilih lagu ga salah pilih deh;1
mohon maaf pas tekan titik 3 pojok kanan atas kok langsung macet jadi matiin hpbiar normal pdhal aplikasi lancar aja tuh;1
sulit beli paket premium pencet ga ada respon tolong ada update lah tolong susah beli paket gmn sih spotify;0
pokok aplikasi ni sangat bagus kalo buat dengarin musik suara jg jernih poko ga rugi download aplikasi ni;1
repost insta story tidak ada tulis play with spotify atas baik jadi 5 bintang kok;1
sangat bagussmoga terus mudah aplikasi;1
alam tidak ada bijak varisa aja segala virus buang;0
gampang milih lagu lengkap semua nya ada keren lah pokok;1
lengkap banyak kategori musik baru spotify setel equalizer pas masingmasing lagu genre;1
jelek banget najis nyari lagu apa keluar apa goblok;0
mending pake apk belah deh udah ngga ada tangga lagu nya musti bayar jd premium lagu yg udh putar ngga bisa putar lg kalau lg offline im sorry 2 bintang udh cukup bagus kasih;0
lagu yg perlu dengar ada sini semua keren paling saran jangan lupa selalu update lagu lebih suka selalu cari genre rohani kristen gospel gitu mantab;1
sangat kecewa 7 hari pakai sih memang ga ada iklanshuffle ujungujungnya bisnis ken dengerin lagu yg gua pengenin ga sesuai ribet dah;0
sya mau ksh bintang 1 dlu sya mau tanya onlineoffline;0
tahu butuh langgan like this;1
4 dulu min soal lagu nias kurang lengkap terus lagu nya sering tiba2 henti bisa baik kan;0
bagus sayang pas mau lewat cuma bisa 6x;1
jengkel aku nich mau muter lagu ap yg keluar apd baik ngapa biar sesuai dgn ap yg ken kt dengern bisa d geser buwat gnati eh tiba mau d geser bwat pindah lagu gk bisa lagihick bikin sensi aj;0
kualitas putar bagusnamun bisa hubung musixmatch tampil lirik langgan lebih;1
update malah gak bisa dipake buat muter lagu sesuai ingin cuma kasih cuplik tidak bisa putar lagu habis mohon segera baik;0
mantap benar benar bagus tingkat kualitas hidup manusia galau hehehe;1
kata bisa nonton offline mana masa data gua matiin musik mati mesti langgan dulu pake premium aflikasi apa coba puak;1
bego sekarang kasih iklan pas puter lagu lu kira radio bikin tambah begok gk bisa pindah lagu bego lu yg bikin kaya gitu nih gua mau uninstall aja aplikasi yg sekarang jdi bego;0
bagus sih kak kalau bisa equalizernya kak terlalu ngebass banget sih jadi kurang stabil mid low high suwun;0
jalan ndak ada temen buka spotify senandung tak asa sdh tuju;1
aplikasi musik yg bagus bisa dengerin lagu favorit kl lg kesal tunggu;0
aplikasi yg bagus support google speaker jg top;1
pokok kreensimple mudah janji yg baik dr hasil hunting salute;1
aplikasi sangat bagus keren pokok nya the best dehhhh;1
bagus sh sayang ngga bisa downlod offline biar bisa save memori;1
senang aplikasi ada tidak suka contoh ada iklan beri jeda musik putar;1
mau coba spotify premium klik alih premium selalu halaman home padahal update aplikasi tolong baik;0
kasih pilih henti langgan biar praktis gak ribet;0
kurang satu lagu tidak bisa putar acak;0
top lh aplikasi nya moga depan nya makin mantap;1
premium lagu gak bisa buka;0
masa dj pamer bojo gak ada tolong yg punya aplikasi nya benarin dulu baru mas mbak;0
bagus bangetsya puas aplikasi inikalau ada sya kasih bintang 10semua lagu yg suka ada disinipokoknya the best;1
maksud gimana yh mau premium pakai pulsa pulsa ada 65rb mau yg bulan 54900 an ehh pas coba ketx pulsa tdk cukup gimna solusi;0
mutar cari lagu yg ingin mode shuffle banyak lagu yg inginkanmalah tdk ada mode sebut yg buat aplikasi sangat sebal;0
jauh cukup puas alam musik beri premium kurang lebih padan punya saran sistem similar song tingkat buat playlist;1
aku sangat suka sporty pertama kali mendownload nya aku bisa tahu bagai macam musik kpop aku bisa mebuat album lagu sayang ku pokok terimakasih sporty;1
bagus banget lagu nya aku kasih bintang lima;1
spotify tepat belum dapat lirik apl temen sedia lirik padahal update bisa;0
awal sih bagus banyak baru moga baru kali lebih bagus;1
aplikasi bagus lagu gak ada lirik tolong baik terimakasih;1
app musik yg paling oke yg penah coba pokoe goods bangets;1
so far lama pakai 3taun si suka bgt keren dehh;1
30 menit tanpa iklan hoax 5 menit suda iklan;0
kualitas suara bgs n tmbh lg lagu yg lawas n updatethanks;1
sering error update rubah premium tetap aja error pindah satu aja kalau kayak gin terus;0
hampir semua lagu suka ada spotity;1
memang bagus gimana matiin cara shuffle;1
aplikasi sangat bagus hibur terima kasih;1
auto uinstall pindah ytmusic kecewa ada mode acak tidak bisa dengar musik sesuai ingin mau dengar musik a nyala musik b kan gak jelass asuu aku uinstal kirim komentar;0
kesel sih padahal udh upgrade akun premium tpi pas buka lg tiba rubah akun gratis trs pas mau daftar premium lg bayar gagal terus;0
sangat puas bisa dengar musik tanpa iklan apknya hemat kuota trimakasih spotify smoga makin maju;1
ganti hp mesti download ulang smua lagu padahal data mash utuh kartu memory boros kuota bngt;0
tolong fitur shuffle hapus sangat ganggu ada putar shuffle nyaman2 sekarang sangat tidak puas;0
gak simplemau pilih lagu yg sukamalah nongol nyanyi;1
sportify yah kalo play lagu detik 9 renti trus udah ga bisa play;0
enak aja makenya udh biasa sama iklan;1
kalau ada tambah lirik lagu lagu hits tambah mantab denger nyanyi nyanyi;1
bisa putar lagu shuffle sajapadahal dulu tidak;0
makin update malah makin buruk aja jadi banyak bug nya buat share lagu aja ga bisa stuck screenhang mulu bikin kesel jadi;0
semenjak pakai spotify bamyak menu bagai musik yg tadi nya gak pernah denger;1
lumayan tolong sedikit ringan guna bisa unduh lagu tanpa akses premium;1
aplikasi anti baja terima kasih ajar bisa harga karya orang;1
tolong tampil lirik biar bisa karaoke nnti full bintang;0
pertamakali langsung paham menegenai aplikasi;1
aku mau tanya emang spotify app gak jelaskalau aku sih spotify memang app suka aku aku sering dengar lagu entah apa rasuk mu hehehe terima kasih buat spotify;1
terang bsa download lagu tp ga bisa d download hrs selalu connect internet trus baru bisa bagus joox;1
gak bisa putar lau ingin selalu acak mau putar lagu apa malah putar lagu apa gak jelas banget nih aplikasi gimana mohon baik;0
suka banget sama playlist yg buat khusus;1
musik nya lengkap nyari lagu nya gampang;1
kerenkoleksi lagu melimpahmantap thanks spotify;1
suka suka sukaaa tapiii musik playlist nya 6 lagu doang kalo skip tolong aku kadang gak nyaman deh bagus bet kok;1
keluar aplikasi lagu mati terus ngulang lgi lagu dri awal;0
shuffle ku dah neng banget padahal sama apk satu knp kudu kekgitu ah kecewa baik atuh min;0
najis anjing apa apa langgan gamau rugi orang tolol kesel gua anjing;0
aplikasi seru masasetelah donload aplikasi pakai paket hidup musik nyata waktu belum mingistal buat offline makanya kasih satu bintang;0
nyata enteng bgt aplikasi nya no lag lag club lengkap smua musik ada i like it;1
nicesemua musik yg cari semua ada fitur2 nya semua bagus;1
download aja bagus kok online ok kisanak tambah bagus kalau tunjang hape lu bagus gausah lu review jelek kalau ada masalah hape lu kasi tau bikin ni apk;1
mau premium student bayar via pulsa ko ga ada awal ada trs pas udah isi plsa jadi ga ada premium bayar via pulsa;0
kecewa spotify aktif premium lagu yg cari tidak bisa putar putar lewat shuffle ada aja iklan mohon jelas pihak spotify;0
download bisa putar beberapa lagu kalo mode tidur langsung ngehang ga bisa buat buka uninstall;0
bagus si cuma kesini2nya kok mau muter playlist buat bisa putar preview;1
bagus jadi ada memory ingat masa lalu;1
klo bagus tambah bintangnyaeh bagus banget jd tak kasih bintang 5pertahankan aplikasi bagus;1
bagus hehehe puas banget kalau update premium udah deh cocok banget;1
kurang asik ah masak lompat lagu ajah batas 6 kali padahal pake data seluler gak gratis;0
keren ga nyesel donlot mantap pokok;1
spotify cuma kurang fitur lirik waktu dengar bisa lebih nikmat;1
maafak kasih bintang 3 soal aku mau dengerin lagu yg suka malah lagu ekstra coba aja lagu ekstra hapus please jadiin yg dulu please;1
apaansi spotify aku udh isi pulsa masa tetep g bisa beli premier alas saldo kartu prabayar tidak cukup betulin dong spotify kesel bet aing;0
lagu cari ada spotify lagu lain yg jenis;1
mohon baik lagu pilih gak bisa putar kalau gk round semua list lagu;0
musik cuma bisa putar shuffle knpa tolong baik nya;0
tetap semangat sama yg aktif aman lancar amiin;1
tolong dong tambahin fitur bayar premium transfer jangan pulsa tambah pajak guna premium;0
makasihaq sangat senang pkek apli kasih;1
terimakasih udah kasih diskon 50 buat mahasiswa jadi bisa ajar harga karya orang;1
yg suka music mantap ni aplikasi pokok gud marsogud top markotop lagu suka hampir komplit sini semua brooo spotify hebatttt lah;1
lagu kok sebentar aja pilih lebih enak lama kalo milih musik bisa bebas kalo baru pilih sama komputer;1
puas banget pakai spotify ga perlu repot2 cari lagu yg bagus udah dipilihin satu album;1
sekarang jadi nggak bisa putar suka hati jadi gimana gitu tolong segera baik;0
mantap lagu lumayan banyak perlu update pustaka lagu makin banyak utama lagu lagu jadul;1
app nya si oksemua lagu nya bisa putar freetpi kok gak ada lirik lagu nya;1
aplikasi bagus tingkat biar performa lebih mantab dr segi suara;1
jelek tampil;1
keren koleksi keren kualitas audio streamingnya;1
lagu lengkap lagu daerah lagu internasionaltriamakasih banyak moga makin sukses;1
apk nipusaya udah berlanggannan kok gak bisa;0
ga jelasdah instal ga bisa bukaaplikasi apa lah;0
diupdate kok suara jadi garingefek equalizer jadi gak fungsi;0
shuffle nya bikin ngeselin iklan makin rajalela aplikasi payah;0
aplikasi kurang bagussudah pakai data buka malah suruh buat premiumhapus aja;0
lagu nya sering mati kendala ny apa klp dri hp ga mngkin udh iklan weh isi gajelas;0
bebas putar lagu suka tidak ada tolong kembali interface fitur play belum tidak guna putar shuffle;0
aplikasi musik favorit 2 tahun langgan;1
bagus banget gak perlu susah2 download lagu aplikasi;1
tolong emang tidak bisa bagi insta story;0
oke sih iklan nya bayakkuragin iklan nya;0
aplikasi asu gak jelas lagu mau d putar mana yg nyala mana;0
napa sih ada shuffle tolong hapus shuffle baru kasi bintang 5 shuffle tai lah;0
sangat kecewa lagu cari nggak ada maaf cari lagu sholawat2;0
sangat senang lagu lagu lama yg ada bisa kenang masa lalu;1
loading nya lama bet pas muter lagu padahal kondisi hp baik baik aja tolong tingkat kan terima kasih;1
maaf y kasih 4 bintang alnya nggak bisa download masuk galeri musik;0
bagus sih tiba tiba akun keluar sendiri gak bisa log in terpakasa kudu unistal download semua awal tt nyebelin banget udah beli premium nyebelin;0
akun facebook pagi tidak bisa connect aplikasi spotify mobile smartphone yahmohon bantu;0
bagus aplikasi nya rangin iklan nya;1
lumayan bagus kurang lengkap koleksi lagu indonya indi nya kurang baik brow;0
tiba tidak bisa buka;0
akhirakhir malah g kena buat dengerin lagu si;0
sampe bagus sangat bantu harap depan smakin mantap;1
lagu lagu lawas gwe gx ada kurang lengkap spotify;0
akun aku ga ada lirik;0
coba bisa ulang ulang lagu mungkin lebih nyaman hihi;1
enak kalo bisa pake paket premium bisa dengerin kapan aja kualitas dr musik okee;1
banyak pilih buat tidak bosanbosan guna app;0
senang sekalitpi kok lama lama gak bisa puter lagu;0
clear suara lagu musik agam;1
awal bagus sih ada mode suffle jadi ga enak lagu putar nunggu lagu dulu jadi ga enak banget;0
kecewa kirain bakal enak lagu tengah tengah bayar baru bisa;1
enak kalau ada spiritual musik ndak perlu flashdisk;1
huhpercuma kalo ga bisa of line mh ngabisin kuota;0
untung banget deh download aplikasi;1
sebenernya suka banget karna lagu lengkap lagu bts lengkap banget spotify aku nggk bisa share story instagram mohon baik;1
pliss lebih update list lagu baru lokal punya indiemajor label;1
walaupun hp matiin music tetap jalan seru pakai pas jalan perlu update biar music makin lengkap;1
bagus banget bisa cari apa aplikasi;1
ayo tambah koleksi lagu utama ost serial tokusatsu lawas hehe udah bagus sih paket ajar bantu bangeg meski kadang jadi force close;1
bagus sihtp lama lama iklan sering muncul sdh nonton iklan yg kata 30 mnt depan tanpa iklaneee baru 1 lagu sdh iklan lg;0
sih shuffle ga bisa pilih satu2 yg pingin dengerin doank payah nih ahh;0
ko ngga ada lirik makin lama makin ga jelaa apl nya asuuu;0
mati belanda iklan yg tidak jelas sengaja buat2 tidak nyaman ganggu ikut premium bayar;0
spotify sering macet awal aja bagus;1
abis pindah spotify lite sini jadi ngerasa aneh sihiklannya numpuk sini udah oke sih jadi gapernah fc pas play musik lama lama;0
cara pilih lagu favorit bagaimana lagu kwalitas ok;1
spotify bisa dengar kaji menit;1
aplikasi spotify sangat bagusaku jadi bisa dengerin lagu mana;1
bisa putar lagu2 suka dg mudah;1
tolong baik fitur shuffle buat aplikasi jadi batas otomatis harus alih premium;0
terlalu banyak iklan auto uninstall aplikasi;0
huhpercuma kalo ga bisa of line mh ngabisin kuota;0
kata bisa download bukti mna palsu hoax;0
gabisa buka;0,,,
payah sekarang acak sendiri percuma bikin playlist;0
apllikasinya sangat muas;1
bagus banget apk nya bisa dengerin musik apa aja ketemu kualitas pasti ga nyesel pake apk;1
dgn aplikasi musik mudah hampir tanpa batas sikap bijak dlm pilih yg baik;1
lagu udah klik ga bisa putar cuma reff nya ga bisa muter;0
maaf mau tanya spotify 2 bulan tidak bisa share lagu stori instagram;0
asyik kurang beban telpon ga usah simpen simpen lagu memory jadi lowong;0
kok ubah menu lagu ny tau jd mode shufle gitu jd susah mau dengarin lagu yg play;0
aplikasi bagus aku suka kalo bisa tiap lagu aku dengerin bisa ku share jadiin story wa kayak instagram story gitu hehe;1
lagu yg minta kadang tidak bisa putar;0
beberapa musik podcast kadangkadang mati sendiri cuma bisa puter 9 detik;0
lagu update suara jernih podcastnya seru recommended;1
awesome tingkat kan terus nyaman putar lagu favorit;1
lagu enak2 bangett ga pke ribet pake download lagu skrg tggl klik beres;1
sangat senang gak bisa muter lagu sesuai mau shuffle;1
app nya sih bagus cuma knp lama lama ubah mode shuffle gk bisa nonaktif shufflenya;0
aplikasi keren banget aku suka lagu insyaallah mohon beri bintang rendah naik bintang nya bikin aplikasi udah susah update;1
bagus banget buat suka dengerin lagu dimobilpokoknya mantap dehhh;1
sangat suka aplikasi spotify lagu sangat bagus mau download download sekarang;1
aplikasi waduk lahkmau muter lagu acak;0
asik bisa dengerin lagu mana aja;1
terima kasih walauoun acak lumayan gratis dengernya moga tambah baik;1
ok sangat baik tolong lagu jangan campur kalau sholawat khusus sholawat jangan seling sama lagu dangdut terimakasih;0
aplikasi nya lambat pdhal jaring bagus buat muter vidio youtub aja lancar masak buat muter musik spotify pake ngelag lama pas mau masuk aplikasi lot;0
repot pilih lagu putar shuffel akhir lagu pilih gak puter;0
emm app favorit aku kasih 4 karna banyak iklan;1
skrng jdi putar shuffle versi sblmnya pdhl ga bgni dah jdi kecewa sayamaaf uninstall;0
bagus aplikasi nya tp ko bisa tiba tiba henti sih lagu nya;1
musik nya lengkap sesuai selera ku aku suka banget ngetren gitu loh jadi aku suka;1
bangkeee ribet bgt mau nyari lagu yg aja auto delete aplikasi;0
apa sh ga bisa buka;0
ok banyak iklan anjir ga kaya nya hilang iklan nya ngabisin kuota gua aja anjir;0
daftar tp kok ga bisa masuk tolong klo bisa baik;0
lagu nya gak bisa pilih suka selalu acak;0
bagus tpi syg tdk bisa offline dgr kan lagu yg dgr;1
aplikasi yg bagus gua rekomendasi tuk aplikasi;1
ok pilih lagu cukup banyak;1
sangat bingungl bagaimana cara guna aplikasi iniknapa bisa dengar lagu singkat;0
sangat suka kapan mana sy dapt setel tampa ada ganggu;0
mantap tingkat kualitas jiga coleksi lagu;1
bagustapi tolong baik kurang soal lagu suka henti sendiri;0
jelek masak lagu lama aja yg ada lagu yg cari gak ada habis kouta aja downdl nya lagu2 nya ga bgus;0
senang jadi teman jalan atau kerja ga bakal habis musik podcast putar;1
mantap jiwaapalagi kalo gratis super mantap;1
musik lengkap bgt update jugapokoknya bagus bgt;1
spotifi lagu kenang indah wujud terima kasih spotifi;1
gmn cara downloadny kok ga bisa;0
bagus tambah lagu lagu pop daerah indonesia;1
cara mendownload lagu gratis gimana bos kuini ngak ada pandu cara mendownloadkalau apk sangat bagus;1
aplikasi bagus walaupun pake data seluler tp ngga kepake banyak paling berapa mb aja ga ribet semua lagu ada i like it;0
baru mala banyak iklan musik nggak bisa acak kampreeetkalau tau jadi nya gin mending gk baru nyesel;0
ok aku suka n banyak kenang dlm lg spotifi ok;1
males kalo nyari lagu apa eh puter apa;0
lagu tidak bisa atur next back suka hati ribet cuy;1
spotify danau seni musik simpan dunia musikal terus terus tambah daya pikat;1
gue neng pake spotify lebih senang nya lg klo ada free premium spotify;1
kemarin download spotify lirik lagu tersediakrna simpan habis spotify uninstall kemudian install lirik lagunyw ngk ada;0
aplikasi sangat bagus pilih artis artis suka banget;1
bagus keren udah aja yaa;1
mau daftar premium gak bisa selalu bilang saldo pulsa tidak cukup padahal pulsa jauh lebih dr cukup tolong dong admin gimana kasih bintang satu bisa daftar premium;0
padahal sinyal bagus lagu tiba2 henti sendiri terus cape ih tolong baik plisss buat apa ada kolom komentar kalau aspirasi cuma jadi pajang aja buat kalian;0
aplikasi cacat serba premium;0
lagu random;0
respon yg lambat;0
tabah hibur lengkap lagu nya terima kasih sangat hibur;1
alikasi yg sangat jelek susah cari klik apa yg putar ngacak ngacak jengkel;0
bagus sesuai dgn musik yg suka langsung ada playlistnya;1
moga versi baru ada lirik;1
baguskualitas suara jg bagus;1
udah bagus tolong buat mode offline biar aku bisa dengar aja sekian terima kasih;1
buat playlits lagu nya banyak putar shuflpaykurang enak;1
kok yg setel mana yg putar mana tolong baik kalau udh baik kasih bintang lima;1
bagus cuma kalau cari lagu putar cuma cuplik gak sekali satu lagu full terimakasih;0
makasih udah memubat aplikasi bagus moga lagu baru bisa langsung masuk aplikasi;1
bagus aplikasi smua ad;1
tolong sdh beli paket bulan oke pulsa 3 kali tp msh belum bisa paket premium kuras 3 kali pulsa biasa gk papa kok gk bisa;0
baik temu lagu lama kalo saran masuk buat spotify tambah lirik lagu biar tambah favorit;1
ksih bintang lima mau apk ny jelek apa bagus yg penting dri apkny usaha beri yg baik;1
oke cuma msh binggung kok ngk bs dengerin klo ngk pakai quota overall its okey;1
bagusih kurang satu subtitle lirikkalau ada lebih baik;1
bagus lengkap sekali lagu nya perangkat galaxy tab s2 canvas gak bisa pake tolong bisa baik cepat;1
bagus 1 iklan play music;1
suka susah nyari lagu gilir ketemu yg cari yg mana yg muter yg mana;1
aku sangat suka sini banyak lagu yg sedia;1
lagu banyak jadi tninggal milih lagu apa aku mau ada;1
jadi ga asyeekkkkkga bisa pilih lagu sendiri lagimaaf yaaa delet aplikasi;0
tidak bisa putar musik ingin bayar goblok apk;0
terimakasih lagu2nya kati;1
aku gak kasih 5 bintang jauh aku suka tingkat terus;1
aku kok beda sama kawan punya gk bisa download;0
tidak seru klu habis paket tak bisa dengarin musik yg suka padahal uda buat playlis ny memori penuh batrai habis iklan jga banyak bee lah;1
cuma gk suka sama mode shufflenya tolong dihilangin biar bisa muter lagu sesuai ingin;0
aku suka banget sama spotify karna ada jga list lagu yg sedang trend jd gampang nemuin lagu yg trend please tambahin lirik laguuu yakin deh tambah lirik makin perfect spotify makasii;1
aplikasi yg bagusrekom bgt nih buat kalian yg suka dengerin musik;1
kereeeeeen syukaaa cari lagu apa gampang cari lagu favorit banyak;1
terima kasih mudah dengar lagulagu baru;1
bagus bangettapi yagitu kadang lagu nya suka tiba berhentiv;1
lagu lengkap tolong jangan acak laguny;0
bagus banget apk tdk kecewa;0
bagus sih kalau mau ganti lagu nunggu ada iklan;0
sering non aktif sendiri aplikasi nya sering keluar sendiri padahal jaring internet ga ada masalah;0
good kalau opsi bayar premium lebih banyak gopay ovo dana lebih mantap;1
ga pke iklan sama putar acak gratiss beneranmantull;1
kok hp gaada lirik;0
aplikasi yg bagus mudah guna;1
lumayan lahcuma kadang ngeselin iklan kalo ga pake premium;0
senang happy banget banyak lagu bisa d dengerin dn sayang kk ad iklan nya y jadi kurang menikmatin bgt lagu nya akhir;1
aplikasix bagus sya suka smga sukses lbih baik lgi kedapanx;1
gw suka bberapa lagu suka gw gaada app;1
seru banget main sini dengerin musik trs sampe mampos gpp emng bnran seru kok seru bngt;1
jangan terlalu banyak iklan klau bisa;0
bagus aplikasi suka sekali spotify karna semua lagu ada semua terima kasih;1
lumayan bagus cuman tolong cantum kan lirik lirik lagu nya;1
bagus lagulagunya tidak bisa buka offline;1
aplikasi sangat luar biasadengan aplikasi putar bagai macam jenis lagu terimakasih spotify;1
makin ribet mau putar ingin malah suruh putar shuffle dulu seluruh lagu tidak ada suka anjir;1
kok premium nya susah banget jadi bingung yg ok kok bagus banget sukses selalu;1
semua lagu dengar semua ada spotify;1
lumayan tp kurang lengkap putar shufle bikin bingung;0
aktif akun ny mudah trus lagu yg susah aku cari d sportify gampang banget pokok sukak;1
ada iklan nya jangan kasih kendor dong buat yg umum jg hehe;0
system shuffle kurang minat konsumen uninstal;0
sangat memuaskanwalaupun krn gratis jadi tidak bisa pilih lagu playlist putar random;1
udah donwload appk memang oky jadi hibur sepi difiku bisa milih artis lagu lagu yg mau;1
nyesel baru banyak iklan next lagu batas;0
suka ksl sndiri hrs aktif data nya data udah aktif msih aja lagu gak bisa puter;0
aplikasi musik online wajib smartphone gw sampe sekarang;1
sangat suka tidak perlu simpan lagu memory tp aplikais sedia lebih dri yg punya;1
download lgi siapa tau bagus ada ubah;1
artis banyak terus lagu seru seru kalo mau skip 6 jam sih tetep seru kok;1
tolong spotify unt akun premium hadir fitur lyric lagu;0
langgan premium murah gampang bayar untung tambah yg banyak;1
makin update ngga enak nyata malah ngga bisa milih musik mau d stel shurplus mulu cuy;1
aplikasi premium pertama good jobs;1
suka banyak jenis musik;1
sini temu lagu nostalgia yg cari tx;1
selalu evaluasi tambah lg nasyid ceramah islamtetap jd yg baik;1
suka banget sama spotify layan premium nya benerbener hibur;1
sangat suka karana bantu bisa denger lagu main free fire;1
system shuffle kurang minat konsumen uninstal;0
nyesel baru banyak iklan next lagu batas;0
terlalu banyk iklan banyak lagu tidak bisa putar;0
banyak betul iklan ga bisa skip nyari lagu kadang tidak sesuai yg ingin sangat buruk;0
repot pilih lagu putar shuffel akhir lagu pilih gak puter;0
musik bagi kehudipan spotify beri mudah nyaman terimakasih;1
semua jadi istimewa kalo udh premium v;1
lumayan bagus kualitas jaring bagus tampil utama bagus kalau lebih simple;1
lumayan bagus sih cuma selalu ada jeda iklan kalau mode gratis bayar dulu kali;1
sangat muas lancar moga makin baik lebih baik;1
bagusss soal ndak bayar kalo bayar sama aja kayak aplikasi belah;1
sering tiba tiba pause sendiri sedang dengar lagu mohon baik;0
pulsa 65000 gak bisa daftar premium tolong baik;0
terlalu bnyk iklan tidak bs direwind tdk bsk pilih lagu yg sdh album hrs sesuai urut lagu yg putar;0
aplikasi tidak guna karna pas dengar lagu simpan tidak bisa ada malah masuk lagu;0
tibatiba log out sendiri suruh log in malah gabisa bisa kata cuma bisa setel lagu lama 14 hari luar negri padahal gua cuma rebah kemaren gajelas;0
aplikasi sangat benci dengar lagu playlist malah muncul lagu aneh aneh;0
spotify skrg gak bisa pilih lagu daftar playlist play shuffle;0
mantapkalau bisa tambah lirik lebih bagus;1
sangat mudah dengar lagu hit bagai tahun tanpa simpan file sendiri;1
banyak betul iklan ga bisa skip nyari lagu kadang tidak sesuai yg ingin sangat buruk;1
kok jadi gitu sih gk jelas aplikasi soal aku mau puter lagu yg aku mau cuma spoiler lagu nya doang balikin donk yg kyk dulu;0
hibur komplit muas trims;1
suka banget sama aplikasi kalian dounloud;1
kualitas audio lumayan bagus langgan premium;1
spotify kwalitas suara real bngt enak tanpa ada ganggu jernihdan koleksi lagu2nya kerentopbgt lah;0
lah utk inilove it;1
sportif aplikasi musik paling mantap isi hari hari musik;1
sya suka aplikasi matapp buat denerin musih kasih bingtan 5;1
tahan prestasi lebih berat raih nya;1
aplikasi gk minum obat kali yaknp mau putar lagu yng mau putar gk bisa terus pencet putar shuffle udah skip tetep yng nyala lagu yg laintolong peebaiki;0
maaf kasih bintang satu update malah makin jelek aplikasi awal awal pake aplikasi lancar gaada kendala apa enak pas update malah jelek putar lagu selalu henti sendiri pas mau putar ulang gabisa;0
percuma bikin playlist lagu suka udah ditambahin playlist udah siap dengerin lagu playlist malah dengerin lagu gak ada playlist gimana sih nih aplikasi udah capek capek nambahin lagu satu satu playlist gak ada satu dengerin;0
sekarang jadi tambah ribet;0
apk jelek ambyar;0
ayo kembang banyak daftar lagu nya;1
gak enak gak sesuai lagu ihhh masa aku ken lagu sia malah nyala lagu ava max;0
apk nipusaya udah berlanggannan kok gak bisa;0
versi sekarang jelek knp shuffle cara putar;0
sebal gak bisa puter lagu suka hati;0
aplikasi payah banget kok ga bisa muter lagu yg ingin nunggu playlist mana kalo buat playlist nambahin sendiri lagu ga mau pakek aplikasi;0
uninstal udah ga keren dulu;0
kurang lengkap musiknyannti klw lengkap bintang lima ku kasih;1
banyak farian lagu sih fiturnya aneh masa iya kadang nggak bisa ganti lagu mau mutar lagu diinginkanperbarui dongkalau nggk bisa hapus ni;0
aplikasi bisa download lagu gk yananti kalo bisa download lagu aku kasih bintang 5 sip;1
aku kasih bintang 3 dulu karna aku kecewa sekali sama aplikasi spotify;0
ada yg blom lngkappas cari lagu ad yg g ada;1
gak ngerti gunainnya baru gak bisa pilih lagu yg mau putar gisa next mundurin lagu;0
makasih spotify musik dah batu segala musik ingin poko kereeen;1
aplikasi nya keren cuman play offline nya cuman premium doang yak;0
suka aplikasi bisa jadi teman suasana apa dngan playlistnya;1
bayar pakai pulsa alih premium dah potong pulsa kok spotify free tolong dasar gak jelas;1
ndak bisa putar lalu mau;0
aplikasi bagus perlu baik lagu ga ada yg lancar slalu henti terus bunyi;1
knp pake paket;0
asik banget dah gk kayak aplikasi belah;1
ribetpengennya main yg inimlah muter yg saran;0
sejak update akhir jadi sering crash samsung a7 2018;0
lama pakai spotify hasil muas;1
komplit spotifi ada ceramah ny mantap terima kasih;1
sangat bagustapi ada iklan nya sangat menggangu;0
mode shuffle nya gak mau ilang;0
udah bagus kalau bisa tambahin lyric;1
update malah jadi jelek jadi kecewa otw uninstall;0
bisa dengar lagu nostalgia tahun 70 80 90 an;1
dengar musik jadi lebih baik;1
trimakasih aplikasi yg sangat baik;1
bagaimana cara biar lagu putar rurut tidak acak;0
hah gw mau dengerin lagu apa ada suffel nyambungnya jauh bat nyanyi beda judul beda tau lah;0
aplikasi yg bagus sekali penghobby music mantap betul;1
percuma premium kereset mulu lagu tolol;0
susah pake g mail;0
kecewa berat sama aplikasi satu putar lagu ingin malah simpang lagu mau duit aja tidak perhatiin masalah gak lama aplikasi sepi;0
engga bisa play lagu ingin kecewa percuma install aplikasi;0
jelek banget orang mau denger lagu apa yg setel lagu apa gak jelas banget yg unduh apk nyesel deh;0
ribed app nyesel download;0
lagu nya gak bisa pilih suka selalu acak;0
tau lagu naomi scott kan soundtracknya alladin iyah reviewnya speechless saking bagus;1
bagus lengkap mudah cari musik yg kt ingin;1
putar musik jadi lebih mudah;1
keseluruhann baguss cuma ada beberapa lagu yg gak bisa puterr;1
mantab tuk ku yg suka musik;1
langu lengkap sekalimulai lagu jaman jadul lagu2 jaman now;1
harap akun free bisa tambah fiturnya jangan terlalu pelit hahaha;0
bagus app mantul musik enak jernih;1
bagus aplikasinyacoba lagu banyak lgiterima kasih;1
isi lagu bagus enak dengar;1
bagus sekali 0;1
ga bagus karna ditingkatin vip bayar bikin ga puas denger lagu shuffle batas buat muter lagunga;0
bisa bantu kalau ajar;1
buat hidup jadi lebih indah;1
banyak iklan playlist tidak bisa putar ulang;1
putar random kasih bintang 2;0
banyak lagu lagu daerah indonesia terupdateterimakasih;1
iklan lewat banyak anjink mana gabisa skip kalo sekali iklan wajar lah 3 iklan sekaligus tanpa bisa skip kang asu;0
mendonglod aplikasi pas denger lagu bisa ss masukin story;1
kalau ngak mau putar shuffle premium pffttt;0
suara jernih sekali syukaa;1
tolong baik aplikasi buruk;0
sumpah apk sngat tidak kecewa bagus bgtkembangin trus min;1
lagu kurang lengkap banyak tidak bisa putar utama japan song;1
dengar music tanpa ribet download lagu 1 satu;0
music apa mudah temu dpt ingat masa lalu thanks spotify;1
5 bintang sportify lama aq menggunakanya;1
spotify lelet banget min ngelag2 gt padahal hp dukung terimakasih bantu;1
kok sportify gw gak bisa pk lirik padahal udh updte kali kali;0
aku suka aplikasi karna banyak lagu lagu ku suka;1
apl nya udh bagus lagu nya kurang lengkap;1
pokok bgs banget kasih bintang 1kalo ada bintang;1
enak sportify bisa dengerin lagu santai;1
sy kasih bintang stu krna wktu sy download aplikasi nya mau oppen aplikasi nya kosong ga ada apa2 hurup aja ga ada;0
cukup muas;1
bagus tambah terang artis nyanyi genre apa tau selera;1
aplikasi nggak bisa download yah lagu nya;0
apk musik ter thebestt ga nyesel downloadnya udh berkali2 pake premium allhamdulilah udh nyaman sama spotifty;1
semua lagu nya bagus lengkap terima kasih;1
aku kasih bintang 3 ajh musikny gk bisa download gk bisa putan offliene;0
penting bisa dengar lagu lagu suka gratis;1
jangan terlalu pelit harga nya tolong lah turun sedikit;0
mantap bagus sekali aplikasi nya;1
suka sama aplikasi spotifi lagu suka ada sini;1
lamalama aplikasi kaya joox muter musik ngacak nggk kaya dulu bisa pilih lagu sendiri;0
aplikasi emang tarik tpi pke data baru bisa mutar lagu;1
asik buat dengarin musik tidur;1
banyak bgt iklan masa 1 lagu 3 iklan;0
parah udah 3 kali instal ko gabisa share story ig sih udah cobain pake premium tetep aja ga ada beda please fix it;0
tidak mutu tidak bisa pilih lagu kayak dengerin radio;0
asli ga ngrti bgt knp klau puter malah bukan lagu yg pilih;0
eror selalu renti detik 9;0
terlamabat;0
knp pk wifii gk bisa download;0
bagus cuma kadang ada lagu gk bisa putar karna gk sedia negara;1
bagus musik suka mati sendiri;1
i love spotify aq bisa dengar cerita horror rasa balik jaman dulu jaman ada radio;1
apk gabisa ngesave lagu ga kek joox bisa save gaperlu online trusv hapus aja deh ga asikk;0
bagus si kaya kalo denger lagu sini lebih original;1
bikin nggak boring oke lah pokok;0
sekarang spotify ga bisa share notif lagu instagram ah kecewa;0
sangat hibur kala sedih;1
bagus si app ny cuman nggak bisa download mesti online trus;1
spotify dapat lagu baru enak bagus;1
keren tpi klo ada vidio dowload gratis lebih dahsyat loh mau;1
asw banyak iklan mentang ga pake premium kasih iklan banyak banyak dasar;0
tunggu sekali kualitas musik hifi moga cepat fitur sebut keluar;1
aplikasi bagus mudah cari lagu suka;1
tak download hilang semua;0
bagus aplikasi nya kurang jangan besar kalo pake kuota thk;1
lebih asik lg klo ada lirik karoke nya;1
best tingkat terus;1
bagus bisa hemat memori gak perlu download;1
ga jelasdah instal ga bisa bukaaplikasi apa lah;1
lagu stop sendiri tengah lagu belum selesai;0
suka apk tidak sesal download;0
neng banget ada spotify semua fiturnya oke koq;1
pokok paket komplit lagu hemat kuota recomended yg suka dengerin musik;1
asyikk nemeni hari hari cari semua jaman;1
kok gabisa daftar kecewa;0
diupdate kok suara jadi garingefek equalizer jadi gak fungsi;1
sukaaaa bgt bisa pilih lagu2 yg suka buat temen jalan pas bgt;1
ada spotifymusikperasaan dengerin lagu lama makin asiknyamanfress;1
dengerin lagu tidak ada suaranyakenapa;0
jeleekkk mau putar lagu ingin malah putar lagu bikin emosi awal doang bagus;0
apa udh masukin tanggal lahir kok gk bisa login;0
lebih suka dengerin podcast nya;1
mantul semua lagu yg dengerin ada;1
mana tau seru makanya donllod aplikasi kk sedang ulang tahun;1
sangat uhh kalau udah masuk album like hilang semua lagu;0
keren banget sih hampir semua lagu yg cari ada semua masuk murrotal suka deh pokok thx;1
alhamdulilah surat2 yg ada al quran hampir semua ada;1
lumayankrn bum lengkap lagu yg suka ku;1
nyata ada iklan kecewa;0
tolong muncul opsi share lagu instagram nya;0
asik banget sahabat ok;1
spotify memang keren semua lagu nya bagus moga depan nya lebih lebih keren sukses selalu;1
mantap cocok buat dengerin music full tahan kan buat aplikasi;1
sangat suka apk suka karna slalu update lagu baru;1
aplikasi kurang bagussudah pakai data buka malah suruh buat premiumhapus aja;0
sangat relefen sangat bantu sekali buat okdan terimakasi;1
kasih bintang 5 langsung;1
kok kadang gak bisa dibukak;0
lagu nya sering mati kendala ny apa klp dri hp ga mngkin udh iklan weh isi gajelas;0
aplikasi ina sangat bagus aku sip mati;1
mantap pokok dwonload deh bisa main game musik pokok dwonload dehhh;1
kalau bisa iklanya hilang;0
bagustpi iklan nya mengangu;0
klo mau milih lagu kok lagu putar aneh perbaikin tuh aplikasi;0
kasih bintang 4 knp pake shuffle;0
luar biasa hibur;1
bagus g nyesel dah ni aplikasi;0
spotify sangat bagus bisa sejuk hati sholawat nya;1
bagus banget bayak suka orgga makan kuota jg;1
koleksi lagulagunya lengkap;1
sekarang spotify lot jadi aneh walaupun premium lama v;0
bagus banget suka jadi bsa dnger lagu yg gk ada musik hp;1
spotify cukup muas;1
ko gua bingung sih sama nih aplikasi mau setel daftar lagu gua setel malah lagu ga masuk daftar punya gua sorry aja gua gua baru spotify;0
iklan mulu musik kurang lengkap kadang musik meleset playlist jangan iklan mulu oiii kagok aing;0
banyak ikhlan nya kalo pas putar susah aneh bangt;0
putar lagu shuffelcapek dehlgsg uninstal;0
gk bisa dengerin lagu playlist stlah baru gila;0
tolong aktif canvas id hp;0
hp teman kok ada lirik kalau hp aku kok gak ada udah upgrade;1
segala jadi mungkin sama spotifylove banget;1
kalo bisa sekalipun tidak premium bisa putar musik suka;1
kok aneh list lagu yg kmrn sdh ada kok tiba2 hilang;0
lagu lagu enak enak;1
lagu nya nggak lengkapgada lagu besomorph coopexgoblok masa lagu aja gada tololjgn dowload nih aplikasi nyesel loh;0
mantap lagu;1
bintang nya 4 dulu entar kalo udah ada lirik d kasih bintang 5;1
saling melengkapisaling menghormatisaling butuh;1
tidak bisa share ig story yaa;0
bisa dengar lagu apa aja;1
awal nya suka tpi smnjk ada sistm suffle sangt menganggu gk bisa dngrin lagu yg suka w unstal tdk tarik lgi by;0
oke bgt aplikasi musik spotify cmn ada k kurangany ga ada lirik aja tp ga mslah q cb pake aplikasi musikmax;0
mau putar lagu aja ribet acak terus bikin ribett;0
cukup senang suara jernih nyaman dengar;1
denger lagu kok shufle iklan nya banyak lagihadeh;0
kalo udh puter sekalongga bisa puter lagikesel bgt;0
oke banget aku suka suara kamu;1
ga jelas nulis judul ap yg muter ap isi apa aneh sangat;0
sebal gak bisa puter lagu suka hati;0
sangat bagus variasi;1
aplikasi nya sangat guna;1
baik enak soal ga ribet bisa wa an ok;1
kualitas suara kurang bagus tlong baik lgi;0
suruh nonton iklan 30 detik biar ga ada iklan sampe 30 menit tp lagu 34 uda iklan aja wkwk tp tetep love spotofy;1
gila donk suka bgt komplit lagu y ful album lg mksih sesuai dgn komentar yg ada nih;1
bagus bgt gak kaya free mp3;1
aplikasi music paling fave cari apa aja ada lengkap;1
kerja dengerin musik spotify tempat mantap;1
belum minggu ud minta baru;0
jangan terlalu banyak lagu sembunyi;0
musik agam apa yg ingin ada;1
auto delete aplikasi tai awal2 doang yg bagus lama lama terlalu banyak embel2 nda jelas;0
inovasi kini hasil terima semua kalang;1
aplikasi baguskalau bisa kurang iklan;1
bagus banget kalo gak bayar;1
daftar lagu nya ubah lagu nya cuma penggal;0
selalu sedia mudah lagu suka;1
apa cuma aku ngerasa spotify makin gak praktis klo buat muter lagu;0
aplikasi jelek mau ndaftar lewat facebook aja gak bisa;0
kalo ada lyric dr semua lagu nya lebih enak;1
oke banget gk boros kuota;0
ga smua aplikasi spotify ad teks lirik nyaap hnya type hp tentu ad teks lirik nya;0
buat nyaman jalan buat tidak tegang kerja buat relax pikir;1
neng lagu yg aku cari ada keren lah pokok e;1
aplikasi bagus;1
oke banget buat dengerin musik mana tempat app oce;1
good cuma ga ada lirik nya hmm;1
kalo putar lagu major lazer cold water tidak bisa;0
karna tidak ada yg sempurna semua punya kurang;0
sufle apa lah makin lama bukan nya makin bagus malah makin aneh;0
salur favorit utk cari lagu gemar top;1
kurang iklannyagak bisa ganti lagu;0
bagus lumayan banyak lagu;1
trimakasih spotify musik nya oke sekali mantap;1
bagus lagu lagu yng suka ada semua trimakasih spotify;1
tdk bisa putar lagu playlist suka;1
aplikasi sangat bagus;1
pokok gak recommended ada baru;0
mantaptapi spotify semua putar shuffle temen tdk;0
semua lagu lengkap nyaman dengar;1
top dah isi waktu d lgi senggang;1
ribet search lagu play semua next lagu ada batasankecewa download;0
spotify mmg siplagu apa adasaran kalo bisa lagu video;1
sangat puas hibur setia hari;1
aplikasi mantap buat sehari2 tdk usah isi lagu d memory internalpokoknya mantap bg pendenger lagu;1
lagu semua ada bangent yg aku cari;1
coba mudah2an nyaman pake ne aplikasi;1
jadi ga asyeekkkkkga bisa pilih lagu sendiri lagimaaf yaaa delet aplikasi;0
tidak bisa putar musik ingin bayar goblok apk;0
tidak seru klu habis paket tak bisa dengarin musik yg suka padahal uda buat playlis ny memori penuh batrai habis iklan jga banyak bee lah;0
sangat kecewa lagu cari nggak ada maaf cari lagu sholawat2;0
sering non aktif sendiri aplikasi nya sering keluar sendiri padahal jaring internet ga ada masalah;0
makin ribet mau putar ingin malah suruh putar shuffle dulu seluruh lagu tidak ada suka anjir;0
sangat keren cari lagu lebih mudah lengkap;1
sporty memang oke serasa masa muda lewat lagu kenang;1
aplikasi keren cuma kok skrg gada lirik lagu lg sih;1
aplikasi g jelas masa nyari lagu bnr mlh putar apa tolong baik;1
suka spotify mudah kan dengar kn musik apa;1
sangat bingungl bagaimana cara guna aplikasi iniknapa bisa dengar lagu singkat;0
sampah kali ganti lagu volume suara jadi besar;0
alikasi yg sangat jelek susah cari klik apa yg putar ngacak ngacak jengkel;0
mode shuffle nya gak mau ilang;0
update malah jadi jelek jadi kecewa otw uninstall;0
hibur waktu santai;1
sangat bagus semua lagu mau dengerin sedia sini;1
sekarang tiada hari tanpa musik luar biasa terima kasih;1
suka banget belum download segera download like it;1
update terus play list baru ajaoverall udah suka ama app spotify;1
tiba tiba keluar sendiri terus mau masuk susah banget;0
tolong baik aplikasi buruk;0
tiba tidak bisa buka;0
sy kasih bintang stu krna wktu sy download aplikasi nya mau oppen aplikasi nya kosong ga ada apa2 hurup aja ga ada;0
lamalama aplikasi kaya joox muter musik ngacak nggk kaya dulu bisa pilih lagu sendiri;0
apk gabisa ngesave lagu ga kek joox bisa save gaperlu online trusv hapus aja deh ga asikk;0
tiap abis lanjut premium nge bug mulu anjir tiba tiba keluar akun mana masuk susah padahal email udah bener;0
udah diupgrade malah banyak iklan;0
tak download hilang semua;0
skrng jdi putar shuffle versi sblmnya pdhl ga bgni dah jdi kecewa sayamaaf uninstall;0
mantap top markotop moga ada update jauh lebih baik;1
wah senang bisa dengar lagu jaman jadul jaman kini;1
mantap sangat bantu bergunasukses selalu;1
aplikasi dengar musik baik panjang massa tidak ada tandingannyagw nyesel download aplikasi joox semenjak gw tau aplikasi baik;1
baguslahbisa kenang masa mudadengan lagu2 suka makasih sproty musik;1
hah gw mau dengerin lagu apa ada suffel nyambungnya jauh bat nyanyi beda judul beda tau lah;0
susah mau mutar lagunyalain pilih nyanyi;0
app sangat bantu semua utama army yaaa yuk armydeul buru download bisa puas dengerin semua lagu bts sini;1
bagus aku suka buat nemenin aku masak dengerin music aku gak bisa beli yg premium;1
jelek banget sumpah bikin emosi;0
mau putar lagu aja ribet acak terus bikin ribett;0
nggak bisa stel full selalu cuplik kesallll;0
makin depan makin parah;0
abis upgrade jadi males buka aplikasi;0
lagu tidak sesuai ingin kasih 1 bintang tolong baik pliiiiiiiiiiiiisssssssssssssss;0
nice bisa dengar lagu lagu baru lagu hasil download sering hilang sendiri;1
lagu yg ada sportify semua bening mantap;1
entah suka aja sama aplikasi bener2 bisa ngehibur apa podcast podkesmas;1
bagus aplikasinyacuma sayang kalau mau lewat lagu premium dulu;1
aplikasi cerdas bisa pilih lagu2 sesuai minat;1
aplikasi jelek mau ndaftar lewat facebook aja gak bisa;0
tipu kata dengerin musik tanpa mngunakan data dasar tipu;0
gak enak gak sesuai lagu ihhh masa aku ken lagu sia malah nyala lagu ava max;0
kok gabisa share snapgram;0
lagu henti detik 09 jadi mohon baik;0
aplikasi bagus mudah hemat kuota cuma kl bs ada satu album yg bs download;1
aq dah suka banget ma app bgs gk bikin bosenpertahan kan trs jgn sampe bikin bosen krn hal2;1
gue suka app nya bagus buat dengerin musik;1
bagus sekali cari apa yg ingin terima kasih;1
mudah diaksespilihan musik banyak;1
iklan mulu kepeet emng ni aplikasi udehh w uninstal lgian gedek bgt w iklaan mulu satu lagu iklan udh kya gtu trs;0
culun udah gitu aja auto balik joox lg tytyty;0
uninstall aplikasi ga jelas banyak iklan;0
gk bisa buka nyesel download;0
makin rumitknp ada shufle;0
kesel;0
lebih baik aplikasi musik punya belum;1
bagussss lanjut gk nyesel pilih aplikasi lebih bagus joox;1
bagus tp klo harga buk agk murah kan lbh bagus;1
spotify udh bagus semua lagu ada beri bintang 4 karna putar lagu detik 9 henti sendiri padahal jaring internet nya bagus;1
very bad buat versi sekarang;0
lagu puter acak auto delete;0
tolong dong jangan diperbaruikarena jadi gk bisa denger lagu playlist sayapas mau dengerin laguny mode shuffle padahal mau dengerin lagu suka malah lagu yg putar;0
banyak iklan nya ga sesuai hapus;0
error no optimalisasi minimalisir multifungsi peran guna;0
jadi gk danta ni spotify masa jadi putar acak lagu;0
aku guna baru sih jadi mungkin belum biasa sama settingan app kok bikin ribet aja mau dengerin lagu yg suka aja susah banget puter lagu yg langgan apa daya gak punya kartu kredit mungkin app cuma buat orang kaya sangat kecewa;0
aplikasi kecewa banget tuh kesel banget sama aplikasi awal biasa biasa aja sih normal hari error spotify nya masa setel lagu bukan nya pertama lagu malah tengah lagu makanya kecewa banget sama aplikasi tolong yah baik lulasan lengkapaplikasi kecewa banget tuh kesel banget sama aplikasi awal biasa biasa aja sih normal hari error spotify nya masa setel lagu bukan nya pertama lagu malah tengah lagu makanya kecewa banget sama aplikasi tolong yah baik;0
bagus ada playlist sesuai genre yg biasa dengar;1
ga bisa muter lagu suka hati hrus d puter scara acak bisa 6 x next slma 1 jam jengkel ada apk yg lbh baik dr;1
gua ksih bintang 2 aplikasi bagus sih semua lagu yg cari ada gx ada download nya tolong ksih tau gimna cara download nya;1
moga bermanfaan hibur waktu perjalananberpergian hari utk aamiin;1
rekomendasi lagu bagus uptodate fitur langgan prmbayaran pulsa ada lebih gampang jadi;1
tolol nih aplikasi makin sini orng2 kaya doang yg bisa nikmatin orng susah mh kaga hapus aja lahhh gk guna mending download aja lagu yg gua suka macam atur sama aplikasi musik ny se enak jidat klo muterin lagu mending kalo gk pake data tololl;0
kakugak flexibel;0
putar sufle sangat ganggu;0
terlalu banyak iklan;0
mohon maaf aplikasi bad bnget;0
ribet banyak iklan premium;0
kaga guna anji apk error;0
tolong baik buat putar lagu dulu kalo mau puter lagu tinggal search ketemu lagu tinggal play sekarang mode shuffle malah bikin puyeng yg mau puter lagu a yg nyala lagu b;0
tahun baru sekarang kok gak bisa beli paket premium family yg reguler gagal terus udah masukin card number nya;0
kecewa berat mau henti langgan via tunjuk yg beri sy jlnkantapi tagih sy potong via rek bank sy mohon utk henti potong biaya langgan spoty free sy jk tidak sy tuntut hukumtks;0
tolong jangan ada shuffle plissss;0
musik enak meski butuh sinyal sangat bagus;1
harap ada promo biaya langgan spotify lebih murah lebih tarik;1
player musik favorit jaman kuliah lagu2nya nyaris lengkap nyari apa aja ada tukang ketoprak;1
buat orang orang ngeluh kalo mau pake apk beli lah lisensi jangan gratis doang udah gratis mas ajah ngeluh herannn wkwk apk puas banget lengkap ajip markojippp;1
cari lagu beberapa tidak temukankomplit;1
sistem shuffle nya ganggu sumpah;0
maaf bintang nya satu mau langgan spotify premium 1 haru sata bayar guna pulsa tidak bisa oadahal pulsa cukup mohon bantu;0
ampun sama aplikasi ngga bisa masuk lewat facebook padahal udah pernah pake premium pas udah habis kluar sendiri mau masuk tidak bisa pake akun gmail tidak bisa tolong d baik spotify;0
maaf hapus spotfy nya pindah spotify lite soal pas daftar pakek facebooknya email gak bisa sampai2 ganti sandi emaileee tetep aja gak bisa baik dong;0
tiap dengerin lagu tiba2 renti sendiri apa gegara gak langgan jadi digituin tiap muter ikut mati pdhal d layar play tpi gak keluar suara tiap d ketuk pause trua d play baru deh muter aneh banget;0
jelek banget sekarang gajelas gabisa muter lagu biasa mending ganti putar musik;0
bagus suara jernih bening jelas;1
kalau bisa rangin jeda iklan nya walapun appnya geratiss aku dengarin pakek pakett;1
bagus ayo buru subskrib chenel alfarizi official;1
moga jadi lebih baik depan dapat perbaikan2 signifikan langgan setia;1
aplikasi musik sangat kualitas;1
maaf bintang nya satu mau langgan spotify premium 1 haru sata bayar guna pulsa tidak bisa oadahal pulsa cukup mohon bantu;0
ampun sama aplikasi ngga bisa masuk lewat facebook padahal udah pernah pake premium pas udah habis kluar sendiri mau masuk tidak bisa pake akun gmail tidak bisa tolong d baik spotify;0
maaf hapus spotfy nya pindah spotify lite soal pas daftar pakek facebooknya email gak bisa sampai2 ganti sandi emaileee tetep aja gak bisa baik dong;0
tiap dengerin lagu tiba2 renti sendiri apa gegara gak langgan jadi digituin tiap muter ikut mati pdhal d layar play tpi gak keluar suara tiap d ketuk pause trua d play baru deh muter aneh banget;0
jelek banget sekarang gajelas gabisa muter lagu biasa mending ganti putar musik;0
mudah guna lagu lengkap biaya langgan relatif jangkau;1
buat sportfymu akumembrikan yg baik semua;1
spootify paling mantap dunia;1
keren suka banget makanya kasih bintang 5;1
cukup oke aku baru guna aplikasi;1
aplikasi nya jelek tolong baik lagu nya suka mati sendiri tolong baik;0
banyak iklan beberapa kali muter henti sendiri;0
kok susah banget denger lagu yg ken putar klik apa muter nya lagu susah banget sihhhh denger lagu yg full mending balik aja aplikasi lama;0
email kluar sendiri gilir mau login ulang malah salah password mulu;0
shufflenya bikin rese gabisa milih lagu;0
aku sangat suka aplikasi lama cari aplikasi;1
sarana aplikasi yg bagus utk tani saat sama keluarga tembang2 yg sangat komplit yg terjadul yg greesss;1
daftar tp kok ga bisa masuk tolong klo bisa baik;1
nama bayar beda gratis apa makanya bayar murah kok;1
simple ringan suara kualitas koleksi lengkap;1
kecewa;0
update malah susah bingung ga dong ga sesuai yg ingin mau mutar lagu play malah reff nyamasa nunggu lagu yg habis lama goblok ga suka dgn apk;0
buruk sekali;0
iklan ganggu banget;0
jelek gak muas;0
ok aplikasi lagu komplit thanks;1
lagu lengakap apa yg mau cara topp deh poko;1
seru bisa dengerin blakc pink buka aplikasi mas nyala tolong kutang iklan y;1
sangat suka putar musika sportifyapalagi kalo pakek kualitas premium;1
pokok mantap dahtengkyu spotyfy udah kasih hibur lagu gratissemoga makin sukses;1
jelek banget tampil;0
